{
    "name": "root",
    "gauges": {
        "FirstType.Policy.Entropy.mean": {
            "value": 1.4119467735290527,
            "min": 1.4097405672073364,
            "max": 1.4119467735290527,
            "count": 20
        },
        "FirstType.Policy.Entropy.sum": {
            "value": 14094.052734375,
            "min": 3355.1826171875,
            "max": 14396.5439453125,
            "count": 20
        },
        "FirstType.Environment.EpisodeLength.mean": {
            "value": 246.51612903225808,
            "min": 15.684782608695652,
            "max": 1672.4285714285713,
            "count": 20
        },
        "FirstType.Environment.EpisodeLength.sum": {
            "value": 7642.0,
            "min": 1443.0,
            "max": 14049.0,
            "count": 20
        },
        "FirstType.Step.mean": {
            "value": 699996.0,
            "min": 509999.0,
            "max": 699996.0,
            "count": 20
        },
        "FirstType.Step.sum": {
            "value": 699996.0,
            "min": 509999.0,
            "max": 699996.0,
            "count": 20
        },
        "FirstType.Policy.ExtrinsicValueEstimate.mean": {
            "value": -0.6716993451118469,
            "min": -3.5101985931396484,
            "max": -0.517905592918396,
            "count": 20
        },
        "FirstType.Policy.ExtrinsicValueEstimate.sum": {
            "value": -115.53228759765625,
            "min": -1105.7125244140625,
            "max": -56.99365234375,
            "count": 20
        },
        "FirstType.Environment.CumulativeReward.mean": {
            "value": -4.071440068415056,
            "min": -5.022963012146197,
            "max": 3.130693730060011,
            "count": 20
        },
        "FirstType.Environment.CumulativeReward.sum": {
            "value": -122.14320205245167,
            "min": -1841.1803876738995,
            "max": 31.30693730060011,
            "count": 20
        },
        "FirstType.Policy.ExtrinsicReward.mean": {
            "value": -4.071440068415056,
            "min": -5.022963012146197,
            "max": 3.130693730060011,
            "count": 20
        },
        "FirstType.Policy.ExtrinsicReward.sum": {
            "value": -122.14320205245167,
            "min": -1841.1803876738995,
            "max": 31.30693730060011,
            "count": 20
        },
        "FirstType.IsTraining.mean": {
            "value": 1.0,
            "min": 1.0,
            "max": 1.0,
            "count": 20
        },
        "FirstType.IsTraining.sum": {
            "value": 1.0,
            "min": 1.0,
            "max": 1.0,
            "count": 20
        },
        "FirstType.Losses.PolicyLoss.mean": {
            "value": 0.020460814268638692,
            "min": 0.015240633316958943,
            "max": 0.025406094283486405,
            "count": 18
        },
        "FirstType.Losses.PolicyLoss.sum": {
            "value": 0.020460814268638692,
            "min": 0.015240633316958943,
            "max": 0.025406094283486405,
            "count": 18
        },
        "FirstType.Losses.ValueLoss.mean": {
            "value": 0.6347441335519155,
            "min": 0.1298946703473727,
            "max": 2.044757334391276,
            "count": 18
        },
        "FirstType.Losses.ValueLoss.sum": {
            "value": 0.6347441335519155,
            "min": 0.1298946703473727,
            "max": 2.044757334391276,
            "count": 18
        },
        "FirstType.Policy.LearningRate.mean": {
            "value": 0.00025844293385236003,
            "min": 0.00025844293385236003,
            "max": 0.00026891725036092,
            "count": 18
        },
        "FirstType.Policy.LearningRate.sum": {
            "value": 0.00025844293385236003,
            "min": 0.00025844293385236003,
            "max": 0.00026891725036092,
            "count": 18
        },
        "FirstType.Policy.Epsilon.mean": {
            "value": 0.18614763999999998,
            "min": 0.18614763999999998,
            "max": 0.18963908000000002,
            "count": 18
        },
        "FirstType.Policy.Epsilon.sum": {
            "value": 0.18614763999999998,
            "min": 0.18614763999999998,
            "max": 0.18963908000000002,
            "count": 18
        },
        "FirstType.Policy.Beta.mean": {
            "value": 0.004308767236000001,
            "min": 0.004308767236000001,
            "max": 0.0044829900920000006,
            "count": 18
        },
        "FirstType.Policy.Beta.sum": {
            "value": 0.004308767236000001,
            "min": 0.004308767236000001,
            "max": 0.0044829900920000006,
            "count": 18
        }
    },
    "metadata": {
        "timer_format_version": "0.1.0",
        "start_time_seconds": "1684874459",
        "python_version": "3.7.9 (tags/v3.7.9:13c94747c7, Aug 17 2020, 18:58:18) [MSC v.1900 64 bit (AMD64)]",
        "command_line_arguments": "C:\\project\\AI\\venv\\Scripts\\mlagents-learn results\\config.yaml --run-id=Test17 --resume",
        "mlagents_version": "0.29.0",
        "mlagents_envs_version": "0.29.0",
        "communication_protocol_version": "1.5.0",
        "pytorch_version": "1.7.1+cu110",
        "numpy_version": "1.21.2",
        "end_time_seconds": "1684874930"
    },
    "total": 470.285884,
    "count": 1,
    "self": 0.007019000000013875,
    "children": {
        "run_training.setup": {
            "total": 0.08121089999999986,
            "count": 1,
            "self": 0.08121089999999986
        },
        "TrainerController.start_learning": {
            "total": 470.1976541,
            "count": 1,
            "self": 0.6360340000016436,
            "children": {
                "TrainerController._reset_env": {
                    "total": 6.1534422,
                    "count": 1,
                    "self": 6.1534422
                },
                "TrainerController.advance": {
                    "total": 463.33356989999834,
                    "count": 30022,
                    "self": 0.6639356000001158,
                    "children": {
                        "env_step": {
                            "total": 400.21340840000056,
                            "count": 30022,
                            "self": 342.53840909999906,
                            "children": {
                                "SubprocessEnvManager._take_step": {
                                    "total": 57.274395700002714,
                                    "count": 30023,
                                    "self": 1.7788104000026337,
                                    "children": {
                                        "TorchPolicy.evaluate": {
                                            "total": 55.49558530000008,
                                            "count": 27922,
                                            "self": 20.109125899998055,
                                            "children": {
                                                "TorchPolicy.sample_actions": {
                                                    "total": 35.386459400002025,
                                                    "count": 27922,
                                                    "self": 35.386459400002025
                                                }
                                            }
                                        }
                                    }
                                },
                                "workers": {
                                    "total": 0.40060359999879047,
                                    "count": 30021,
                                    "self": 0.0,
                                    "children": {
                                        "worker_root": {
                                            "total": 408.1772564000006,
                                            "count": 30021,